string_length,number_keys,time,avg_time,size
128,10000,0.309789875,0.0000309789875,2585
256,10000,0.555523126,0.000055552312599999996,5145
384,10000,0.8920285,0.00008920285,7705
512,10000,1.112847876,0.0001112847876,10265
640,10000,1.395657376,0.00013956573759999998,12825
768,10000,1.792669084,0.0001792669084,15385
896,10000,2.417314626,0.0002417314626,17945
1024,10000,2.249196334,0.0002249196334,20505
