string_length,number_keys,time,avg_time,size
128,10000,0.259169792,0.000025916979200000002,2585
256,10000,0.504683126,0.000050468312599999995,5145
384,10000,0.754607375,0.00007546073749999999,7705
512,10000,0.999727,0.0000999727,10265
640,10000,1.279374292,0.0001279374292,12825
768,10000,1.534083793,0.0001534083793,15385
896,10000,1.821800418,0.0001821800418,17945
1024,10000,2.162511835,0.0002162511835,20505